.050000,-28.967672,.115700,-28.974016,.115856
.050450,-28.961855,.116150,-28.968198,.116272
.050900,-28.956088,.116600,-28.962432,.116686
.051350,-28.950372,.117050,-28.956716,.117097
.051800,-28.944706,.117500,-28.951051,.117507
.052250,-28.939089,.117950,-28.945434,.117914
.052700,-28.933521,.118400,-28.939865,.118319
.053150,-28.928000,.118850,-28.934344,.118722
.053600,-28.922527,.119300,-28.928870,.119123
.054050,-28.917098,.119750,-28.923441,.119522
.054500,-28.911713,.119750,-28.918057,.119920
.054950,-28.906374,.120200,-28.912717,.120315
.055400,-28.901076,.120650,-28.907421,.120708
.055850,-28.895823,.121100,-28.902168,.121099
.056300,-28.890612,.121550,-28.896957,.121488
.056750,-28.885444,.122000,-28.891787,.121876
.057200,-28.880316,.122450,-28.886659,.122261
.057650,-28.875228,.122450,-28.881570,.122645
.058100,-28.870177,.122900,-28.876521,.123027
.058550,-28.865167,.123350,-28.871511,.123408
.059000,-28.860195,.123800,-28.866539,.123786
.059450,-28.855262,.124250,-28.861606,.124163
.059900,-28.850365,.124700,-28.856709,.124538
.060350,-28.845505,.124700,-28.851849,.124911
.060800,-28.840681,.125150,-28.847025,.125283
.061250,-28.835892,.125600,-28.842237,.125653
.061700,-28.831139,.126050,-28.837483,.126022
.062150,-28.826420,.126500,-28.832765,.126389
.062600,-28.821737,.126950,-28.828080,.126754
.063050,-28.817085,.126950,-28.823429,.127117
.063500,-28.812466,.127400,-28.818811,.127480
.063950,-28.807880,.127850,-28.814225,.127840
.064400,-28.803327,.128300,-28.809672,.128199
.064850,-28.798806,.128750,-28.805150,.128557
.065300,-28.794316,.128750,-28.800660,.128913
.065750,-28.789856,.129200,-28.796200,.129268
.066200,-28.785426,.129650,-28.791771,.129621
.066650,-28.781028,.130100,-28.787372,.129972
.067100,-28.776659,.130550,-28.783003,.130323
.067550,-28.772318,.130550,-28.778662,.130672
.068000,-28.768006,.131000,-28.774351,.131019
.068450,-28.763723,.131450,-28.770068,.131365
.068900,-28.759470,.131900,-28.765813,.131710
.069350,-28.755242,.131900,-28.761586,.132053
.069800,-28.751041,.132350,-28.757386,.132396
.070250,-28.746868,.132800,-28.753213,.132736
.070700,-28.742723,.133250,-28.749067,.133076
.071150,-28.738603,.133250,-28.744947,.133414
.071600,-28.734508,.133700,-28.740853,.133751
.072050,-28.730439,.134150,-28.736784,.134086
.072500,-28.726397,.134600,-28.732741,.134421
.072950,-28.722379,.134600,-28.728723,.134754
.073400,-28.718385,.135050,-28.724730,.135086
.073850,-28.714417,.135500,-28.720761,.135416
.074300,-28.710472,.135950,-28.716816,.135746
.074750,-28.706551,.135950,-28.712895,.136074
.075200,-28.702653,.136400,-28.708998,.136401
.075650,-28.698779,.136850,-28.705124,.136727
.076100,-28.694928,.136850,-28.701273,.137052
.076550,-28.691100,.137300,-28.697444,.137376
.077000,-28.687293,.137750,-28.693638,.137698
.077450,-28.683510,.138200,-28.689854,.138019
.077900,-28.679748,.138200,-28.686092,.138339
.078350,-28.676007,.138650,-28.682352,.138659
.078800,-28.672289,.139100,-28.678633,.138977
.079250,-28.668592,.139100,-28.674936,.139294
.079700,-28.664914,.139550,-28.671259,.139609
.080150,-28.661258,.140000,-28.667603,.139924
.080600,-28.657623,.140450,-28.663967,.140238
.081050,-28.654007,.140450,-28.660352,.140551
.081500,-28.650412,.140900,-28.656757,.140862
.081950,-28.646837,.141350,-28.653181,.141173
.082400,-28.643281,.141350,-28.649625,.141482
.082850,-28.639744,.141800,-28.646089,.141791
.083300,-28.636226,.142250,-28.642571,.142098
.083750,-28.632728,.142250,-28.639073,.142405
.084200,-28.629248,.142700,-28.635593,.142711
.084650,-28.625787,.143150,-28.632132,.143015
.085100,-28.622345,.143150,-28.628689,.143319
.085550,-28.618920,.143600,-28.625264,.143621
.086000,-28.615513,.144050,-28.621858,.143923
.086450,-28.612124,.144050,-28.618469,.144224
.086900,-28.608753,.144500,-28.615098,.144524
.087350,-28.605398,.144950,-28.611744,.144823
.087800,-28.602062,.144950,-28.608407,.145121
.088250,-28.598742,.145400,-28.605087,.145418
.088700,-28.595440,.145850,-28.601785,.145714
.089150,-28.592154,.145850,-28.598499,.146009
.089600,-28.588885,.146300,-28.595229,.146303
.090050,-28.585632,.146750,-28.591976,.146597
.090500,-28.582395,.146750,-28.588739,.146889
.090950,-28.579174,.147200,-28.585518,.147181
.091400,-28.575969,.147650,-28.582313,.147472
.091850,-28.572780,.147650,-28.579124,.147762
.092300,-28.569606,.148100,-28.575951,.148051
.092750,-28.566448,.148550,-28.572793,.148339
.093200,-28.563304,.148550,-28.569650,.148627
.093650,-28.560177,.149000,-28.566522,.148914
.094100,-28.557065,.149000,-28.563409,.149199
.094550,-28.553966,.149450,-28.560311,.149484
.095000,-28.550883,.149900,-28.557228,.149769
.095450,-28.547815,.149900,-28.554160,.150052
.095900,-28.544760,.150350,-28.551105,.150335
.096350,-28.541721,.150800,-28.548066,.150616
.096800,-28.538695,.150800,-28.545040,.150897
.097250,-28.535683,.151250,-28.542028,.151177
.097700,-28.532686,.151250,-28.539030,.151457
.098150,-28.529701,.151700,-28.536046,.151736
.098600,-28.526732,.152150,-28.533076,.152013
.099050,-28.523775,.152150,-28.530119,.152291
.099500,-28.520831,.152600,-28.527176,.152567
.099950,-28.517902,.153050,-28.524246,.152843
.100400,-28.514984,.153050,-28.521329,.153117
.100850,-28.512080,.153500,-28.518425,.153392
.101300,-28.509189,.153500,-28.515534,.153665
.101750,-28.506311,.153950,-28.512655,.153938
.102200,-28.503446,.154400,-28.509790,.154210
.102650,-28.500593,.154400,-28.506937,.154481
.103100,-28.497752,.154850,-28.504097,.154751
.103550,-28.494925,.154850,-28.501269,.155021
.104000,-28.492108,.155300,-28.498453,.155290
.104450,-28.489306,.155300,-28.495649,.155559
.104900,-28.486513,.155750,-28.492858,.155827
.105350,-28.483733,.156200,-28.490078,.156094
.105800,-28.480966,.156200,-28.487310,.156360
.106250,-28.478210,.156650,-28.484554,.156626
.106700,-28.475466,.157100,-28.481810,.156891
.107150,-28.472732,.157100,-28.479077,.157155
.107600,-28.470012,.157550,-28.476356,.157419
.108050,-28.467301,.157550,-28.473646,.157682
.108500,-28.464602,.158000,-28.470947,.157944
.108950,-28.461915,.158000,-28.468259,.158206
.109400,-28.459238,.158450,-28.465583,.158467
.109850,-28.456573,.158900,-28.462917,.158727
.110300,-28.453918,.158900,-28.460263,.158987
.110750,-28.451274,.159350,-28.457619,.159246
.111200,-28.448641,.159350,-28.454986,.159505
.111650,-28.446018,.159800,-28.452363,.159762
.112100,-28.443407,.160250,-28.449751,.160020
.112550,-28.440804,.160250,-28.447150,.160276
.113000,-28.438215,.160700,-28.444559,.160532
.113450,-28.435633,.160700,-28.441978,.160788
.113900,-28.433062,.161150,-28.439407,.161043
.114350,-28.430502,.161150,-28.436847,.161297
.114800,-28.427952,.161600,-28.434297,.161550
.115250,-28.425412,.162050,-28.431756,.161803
.115700,-28.422881,.162050,-28.429226,.162056
.116150,-28.420361,.162500,-28.426705,.162308
.116600,-28.417850,.162500,-28.424194,.162559
.117050,-28.415348,.162950,-28.421693,.162810
.117500,-28.412856,.162950,-28.419201,.163060
.117950,-28.410375,.163400,-28.416719,.163309
.118400,-28.407902,.163400,-28.414246,.163558
.118850,-28.405439,.163850,-28.411783,.163806
.119300,-28.402985,.163850,-28.409329,.164054
.119750,-28.400540,.164300,-28.406884,.164301
.120200,-28.398105,.164750,-28.404449,.164548
.120650,-28.395678,.164750,-28.402022,.164794
.121100,-28.393260,.165200,-28.399605,.165040
.121550,-28.390852,.165200,-28.397196,.165285
.122000,-28.388453,.165650,-28.394797,.165529
.122450,-28.386062,.165650,-28.392406,.165773
.122900,-28.383680,.166100,-28.390024,.166017
.123350,-28.381307,.166100,-28.387651,.166260
.123800,-28.378942,.166550,-28.385286,.166502
.124250,-28.376586,.167000,-28.382930,.166744
.124700,-28.374238,.167000,-28.380583,.166985
.125150,-28.371900,.167000,-28.378244,.167226
.125600,-28.369568,.167450,-28.375913,.167466
.126050,-28.367247,.167900,-28.373591,.167706
.126500,-28.364932,.167900,-28.371277,.167945
.126950,-28.362627,.168350,-28.368971,.168184
.127400,-28.360329,.168350,-28.366673,.168422
.127850,-28.358039,.168800,-28.364383,.168660
.128300,-28.355757,.168800,-28.362102,.168897
.128750,-28.353484,.169250,-28.359828,.169134
.129200,-28.351218,.169250,-28.357563,.169370
.129650,-28.348960,.169700,-28.355305,.169606
.130100,-28.346711,.169700,-28.353055,.169841
.130550,-28.344468,.170150,-28.350813,.170076
.131000,-28.342234,.170150,-28.348579,.170310
.131450,-28.340007,.170600,-28.346352,.170544
.131900,-28.337788,.170600,-28.344133,.170777
.132350,-28.335576,.171050,-28.341921,.171010
.132800,-28.333372,.171050,-28.339717,.171242
.133250,-28.331175,.171500,-28.337520,.171474
.133700,-28.328986,.171950,-28.335331,.171705
.134150,-28.326803,.171950,-28.333149,.171936
.134600,-28.324630,.171950,-28.330975,.172167
.135050,-28.322462,.172400,-28.328807,.172397
.135500,-28.320303,.172400,-28.326647,.172626
.135950,-28.318149,.172850,-28.324494,.172855
.136400,-28.316004,.173300,-28.322348,.173084
.136850,-28.313864,.173300,-28.320210,.173312
.137300,-28.311734,.173300,-28.318078,.173540
.137750,-28.309608,.173750,-28.315953,.173767
.138200,-28.307491,.174200,-28.313835,.173994
.138650,-28.305379,.174200,-28.311724,.174220
.139100,-28.303276,.174200,-28.309620,.174446
.139550,-28.301178,.174650,-28.307523,.174672
.140000,-28.299088,.175100,-28.305432,.174897
.140450,-28.297003,.175100,-28.303349,.175122
.140900,-28.294927,.175100,-28.301271,.175346
.141350,-28.292856,.175550,-28.299201,.175570
.141800,-28.290792,.176000,-28.297137,.175793
.142250,-28.288734,.176000,-28.295079,.176016
.142700,-28.286684,.176450,-28.293028,.176239
.143150,-28.284639,.176450,-28.290984,.176461
.143600,-28.282601,.176900,-28.288946,.176682
.144050,-28.280569,.176900,-28.286914,.176904
.144500,-28.278544,.177350,-28.284889,.177124
.144950,-28.276524,.177350,-28.282870,.177345
.145400,-28.274512,.177350,-28.280857,.177565
.145850,-28.272506,.177800,-28.278850,.177784
.146300,-28.270506,.177800,-28.276850,.178004
.146750,-28.268511,.178250,-28.274856,.178222
.147200,-28.266523,.178250,-28.272868,.178441
.147650,-28.264541,.178700,-28.270885,.178659
.148100,-28.262565,.179150,-28.268909,.178876
.148550,-28.260594,.179150,-28.266939,.179094
.149000,-28.258630,.179150,-28.264975,.179311
.149450,-28.256672,.179600,-28.263017,.179527
.149900,-28.254720,.179600,-28.261065,.179743
.150350,-28.252773,.180050,-28.259118,.179959
.150800,-28.250833,.180050,-28.257178,.180174
.151250,-28.248898,.180500,-28.255243,.180389
.151700,-28.246969,.180500,-28.253314,.180603
.152150,-28.245046,.180950,-28.251391,.180817
.152600,-28.243128,.180950,-28.249473,.181031
.153050,-28.241216,.181400,-28.247561,.181244
.153500,-28.239309,.181400,-28.245654,.181457
.153950,-28.237410,.181850,-28.243754,.181670
.154400,-28.235514,.181850,-28.241858,.181882
.154850,-28.233624,.182300,-28.239968,.182094
.155300,-28.231739,.182300,-28.238084,.182306
.155750,-28.229861,.182300,-28.236205,.182517
.156200,-28.227987,.182750,-28.234332,.182727
.156650,-28.226119,.182750,-28.232464,.182938
.157100,-28.224256,.183200,-28.230601,.183148
.157550,-28.222399,.183200,-28.228744,.183357
.158000,-28.220547,.183650,-28.226892,.183567
.158450,-28.218700,.183650,-28.225045,.183776
.158900,-28.216859,.184100,-28.223203,.183984
.159350,-28.215022,.184100,-28.221367,.184193
.159800,-28.213191,.184550,-28.219536,.184400
.160250,-28.211364,.184550,-28.217710,.184608
.160700,-28.209544,.185000,-28.215889,.184815
.161150,-28.207728,.185000,-28.214073,.185022
.161600,-28.205918,.185450,-28.212262,.185228
.162050,-28.204112,.185450,-28.210457,.185435
.162500,-28.202312,.185450,-28.208656,.185640
.162950,-28.200515,.185900,-28.206860,.185846
.163400,-28.198725,.185900,-28.205070,.186051
.163850,-28.196939,.186350,-28.203284,.186256
.164300,-28.195158,.186350,-28.201503,.186460
.164750,-28.193382,.186800,-28.199727,.186664
.165200,-28.191611,.186800,-28.197955,.186868
.165650,-28.189845,.187250,-28.196189,.187072
.166100,-28.188083,.187250,-28.194427,.187275
.166550,-28.186326,.187700,-28.192671,.187477
.167000,-28.184574,.187700,-28.190918,.187680
.167450,-28.182827,.187700,-28.189171,.187882
.167900,-28.181084,.188150,-28.187428,.188084
.168350,-28.179346,.188150,-28.185690,.188285
.168800,-28.177612,.188600,-28.183957,.188486
.169250,-28.175883,.188600,-28.182228,.188687
.169700,-28.174159,.189050,-28.180504,.188888
.170150,-28.172439,.189050,-28.178784,.189088
.170600,-28.170725,.189500,-28.177069,.189288
.171050,-28.169013,.189500,-28.175359,.189487
.171500,-28.167308,.189500,-28.173653,.189687
.171950,-28.165605,.189950,-28.171951,.189886
.172400,-28.163908,.189950,-28.170254,.190084
.172850,-28.162216,.190400,-28.168561,.190283
.173300,-28.160528,.190400,-28.166873,.190481
.173750,-28.158844,.190850,-28.165189,.190678
.174200,-28.157164,.190850,-28.163509,.190876
.174650,-28.155489,.190850,-28.161834,.191073
.175100,-28.153818,.191300,-28.160163,.191269
.175550,-28.152152,.191300,-28.158496,.191466
.176000,-28.150489,.191750,-28.156834,.191662
.176450,-28.148831,.191750,-28.155176,.191858
.176900,-28.147177,.192200,-28.153522,.192054
.177350,-28.145527,.192200,-28.151872,.192249
.177800,-28.143882,.192200,-28.150227,.192444
.178250,-28.142240,.192650,-28.148585,.192638
.178700,-28.140603,.193100,-28.146948,.192833
.179150,-28.138969,.193100,-28.145315,.193027
.179600,-28.137340,.193100,-28.143686,.193221
.180050,-28.135716,.193550,-28.142061,.193414
.180500,-28.134095,.193550,-28.140440,.193607
.180950,-28.132479,.193550,-28.138823,.193800
.181400,-28.130865,.194000,-28.137210,.193993
.181850,-28.129257,.194000,-28.135601,.194185
.182300,-28.127652,.194450,-28.133996,.194377
.182750,-28.126051,.194450,-28.132396,.194569
.183200,-28.124454,.194900,-28.130799,.194761
.183650,-28.122861,.194900,-28.129206,.194952
.184100,-28.121272,.195350,-28.127616,.195143
.184550,-28.119686,.195350,-28.126031,.195334
.185000,-28.118105,.195350,-28.124450,.195524
.185450,-28.116527,.195800,-28.122872,.195714
.185900,-28.114953,.195800,-28.121298,.195904
.186350,-28.113384,.196250,-28.119728,.196093
.186800,-28.111817,.196250,-28.118162,.196283
.187250,-28.110256,.196700,-28.116600,.196472
.187700,-28.108696,.196700,-28.115041,.196660
.188150,-28.107142,.196700,-28.113486,.196849
.188600,-28.105590,.197150,-28.111935,.197037
.189050,-28.104042,.197150,-28.110387,.197225
.189500,-28.102499,.197600,-28.108844,.197413
.189950,-28.100958,.197600,-28.107303,.197600
.190400,-28.099422,.197600,-28.105767,.197787
.190850,-28.097889,.198050,-28.104234,.197974
.191300,-28.096360,.198050,-28.102705,.198161
.191750,-28.094834,.198500,-28.101179,.198347
.192200,-28.093312,.198500,-28.099657,.198533
.192650,-28.091794,.198500,-28.098138,.198719
.193100,-28.090278,.198950,-28.096623,.198904
.193550,-28.088767,.198950,-28.095112,.199090
.194000,-28.087259,.199400,-28.093604,.199275
.194450,-28.085755,.199400,-28.092099,.199459
.194900,-28.084254,.199850,-28.090598,.199644
.195350,-28.082756,.199850,-28.089101,.199828
.195800,-28.081262,.199850,-28.087607,.200012
.196250,-28.079772,.200300,-28.086116,.200196
.196700,-28.078284,.200300,-28.084629,.200379
.197150,-28.076800,.200750,-28.083145,.200563
.197600,-28.075319,.200750,-28.081665,.200746
.198050,-28.073842,.200750,-28.080187,.200928
.198500,-28.072368,.201200,-28.078714,.201111
.198950,-28.070898,.201200,-28.077243,.201293
.199400,-28.069432,.201650,-28.075776,.201475
.199850,-28.067967,.201650,-28.074312,.201657
.200300,-28.066507,.201650,-28.072852,.201838
.200750,-28.065049,.202100,-28.071395,.202020
.201200,-28.063595,.202100,-28.069941,.202201
.201650,-28.062145,.202550,-28.068490,.202381
.202100,-28.060697,.202550,-28.067043,.202562
.202550,-28.059253,.203000,-28.065598,.202742
.203000,-28.057811,.203000,-28.064157,.202922
.203450,-28.056374,.203000,-28.062719,.203102
.203900,-28.054939,.203450,-28.061285,.203282
.204350,-28.053507,.203450,-28.059853,.203461
.204800,-28.052079,.203450,-28.058425,.203640
.205250,-28.050654,.203900,-28.057000,.203819
.205700,-28.049232,.203900,-28.055578,.203998
.206150,-28.047813,.204350,-28.054159,.204176
.206600,-28.046397,.204350,-28.052743,.204354
.207050,-28.044984,.204350,-28.051330,.204532
.207500,-28.043575,.204800,-28.049920,.204710
.207950,-28.042168,.204800,-28.048513,.204887
.208400,-28.040764,.205250,-28.047110,.205064
.208850,-28.039363,.205250,-28.045709,.205241
.209300,-28.037966,.205250,-28.044311,.205418
.209750,-28.036571,.205700,-28.042917,.205595
.210200,-28.035180,.205700,-28.041525,.205771
.210650,-28.033791,.206150,-28.040137,.205947
.211100,-28.032405,.206150,-28.038751,.206123
.211550,-28.031023,.206150,-28.037368,.206299
.212000,-28.029642,.206600,-28.035988,.206474
.212450,-28.028265,.206600,-28.034611,.206649
.212900,-28.026892,.206600,-28.033237,.206824
.213350,-28.025521,.207050,-28.031866,.206999
.213800,-28.024153,.207050,-28.030498,.207174
.214250,-28.022788,.207500,-28.029133,.207348
.214700,-28.021425,.207500,-28.027770,.207522
.215150,-28.020066,.207500,-28.026411,.207696
.215600,-28.018709,.207950,-28.025054,.207869
.216050,-28.017355,.207950,-28.023700,.208043
.216500,-28.016004,.208400,-28.022349,.208216
.216950,-28.014655,.208400,-28.021001,.208389
.217400,-28.013310,.208400,-28.019655,.208562
.217850,-28.011967,.208850,-28.018313,.208735
.218300,-28.010627,.208850,-28.016973,.208907
.218750,-28.009290,.208850,-28.015636,.209079
.219200,-28.007956,.209300,-28.014301,.209251
.219650,-28.006624,.209300,-28.012969,.209423
.220100,-28.005295,.209750,-28.011640,.209594
.220550,-28.003969,.209750,-28.010314,.209765
.221000,-28.002645,.209750,-28.008991,.209937
.221450,-28.001324,.210200,-28.007670,.210107
.221900,-28.000006,.210200,-28.006352,.210278
.222350,-27.998691,.210200,-28.005036,.210449
.222800,-27.997378,.210650,-28.003723,.210619
.223250,-27.996068,.210650,-28.002413,.210789
.223700,-27.994760,.211100,-28.001105,.210959
.224150,-27.993455,.211100,-27.999801,.211128
.224600,-27.992153,.211100,-27.998498,.211298
.225050,-27.990853,.211550,-27.997198,.211467
.225500,-27.989556,.211550,-27.995901,.211636
.225950,-27.988261,.212000,-27.994607,.211805
.226400,-27.986969,.212000,-27.993315,.211974
.226850,-27.985680,.212000,-27.992025,.212142
.227300,-27.984393,.212450,-27.990739,.212310
.227750,-27.983108,.212450,-27.989454,.212478
.228200,-27.981827,.212450,-27.988173,.212646
.228650,-27.980548,.212900,-27.986893,.212814
.229100,-27.979271,.212900,-27.985617,.212981
.229550,-27.977997,.213350,-27.984342,.213148
.230000,-27.976725,.213350,-27.983071,.213315
.230450,-27.975456,.213350,-27.981802,.213482
.230900,-27.974189,.213800,-27.980535,.213649
.231350,-27.972925,.213800,-27.979270,.213815
.231800,-27.971663,.213800,-27.978009,.213982
.232250,-27.970404,.214250,-27.976749,.214148
.232700,-27.969147,.214250,-27.975492,.214314
.233150,-27.967893,.214700,-27.974238,.214479
.233600,-27.966640,.214700,-27.972986,.214645
.234050,-27.965390,.214700,-27.971736,.214810
.234500,-27.964144,.215150,-27.970489,.214975
.234950,-27.962899,.215150,-27.969244,.215140
.235400,-27.961656,.215150,-27.968001,.215305
.235850,-27.960416,.215600,-27.966761,.215469
.236300,-27.959178,.215600,-27.965523,.215634
.236750,-27.957943,.215600,-27.964288,.215798
.237200,-27.956709,.216050,-27.963055,.215962
.237650,-27.955479,.216050,-27.961824,.216126
.238100,-27.954251,.216050,-27.960596,.216289
.238550,-27.953025,.216500,-27.959370,.216453
.239000,-27.951801,.216500,-27.958146,.216616
.239450,-27.950579,.216950,-27.956924,.216779
.239900,-27.949360,.216950,-27.955705,.216942
.240350,-27.948143,.216950,-27.954488,.217105
.240800,-27.946929,.217400,-27.953274,.217267
.241250,-27.945716,.217400,-27.952061,.217429
.241700,-27.944506,.217850,-27.950851,.217591
.242150,-27.943298,.217850,-27.949643,.217753
.242600,-27.942092,.217850,-27.948438,.217915
.243050,-27.940889,.218300,-27.947234,.218077
.243500,-27.939687,.218300,-27.946033,.218238
.243950,-27.938489,.218300,-27.944834,.218399
.244400,-27.937293,.218300,-27.943638,.218561
.244850,-27.936098,.218750,-27.942443,.218721
.245300,-27.934906,.218750,-27.941251,.218882
.245750,-27.933715,.219200,-27.940061,.219043
.246200,-27.932527,.219200,-27.938873,.219203
.246650,-27.931342,.219200,-27.937687,.219363
.247100,-27.930158,.219650,-27.936503,.219523
.247550,-27.928976,.219650,-27.935322,.219683
.248000,-27.927797,.219650,-27.934143,.219843
.248450,-27.926620,.220100,-27.932965,.220002
.248900,-27.925445,.220100,-27.931790,.220161
.249350,-27.924272,.220550,-27.930617,.220321
.249800,-27.923101,.220550,-27.929447,.220479
.250250,-27.921932,.220550,-27.928278,.220638
.250700,-27.920766,.220550,-27.927111,.220797
.251150,-27.919601,.221000,-27.925947,.220955
.251600,-27.918439,.221000,-27.924784,.221114
.252050,-27.917278,.221450,-27.923624,.221272
.252500,-27.916120,.221450,-27.922466,.221430
.252950,-27.914964,.221450,-27.921309,.221587
.253400,-27.913810,.221900,-27.920155,.221745
.253850,-27.912657,.221900,-27.919003,.221902
.254300,-27.911507,.221900,-27.917853,.222060
.254750,-27.910360,.222350,-27.916705,.222217
.255200,-27.909214,.222350,-27.915559,.222374
.255650,-27.908070,.222350,-27.914415,.222530
.256100,-27.906928,.222800,-27.913273,.222687
.256550,-27.905787,.222800,-27.912133,.222844
.257000,-27.904650,.222800,-27.910995,.223000
.257450,-27.903514,.223250,-27.909859,.223156
.257900,-27.902380,.223250,-27.908725,.223312
.258350,-27.901248,.223700,-27.907593,.223468
.258800,-27.900117,.223700,-27.906463,.223623
.259250,-27.898989,.223700,-27.905335,.223779
.259700,-27.897863,.224150,-27.904209,.223934
.260150,-27.896738,.224150,-27.903084,.224089
.260600,-27.895616,.224150,-27.901962,.224244
.261050,-27.894496,.224150,-27.900842,.224399
.261500,-27.893378,.224600,-27.899723,.224554
.261950,-27.892261,.224600,-27.898607,.224708
.262400,-27.891147,.225050,-27.897492,.224862
.262850,-27.890034,.225050,-27.896380,.225017
.263300,-27.888923,.225050,-27.895269,.225171
.263750,-27.887815,.225500,-27.894160,.225324
.264200,-27.886708,.225500,-27.893053,.225478
.264650,-27.885603,.225500,-27.891948,.225632
.265100,-27.884499,.225950,-27.890845,.225785
.265550,-27.883398,.225950,-27.889744,.225938
.266000,-27.882299,.225950,-27.888644,.226091
.266450,-27.881201,.226400,-27.887547,.226244
.266900,-27.880105,.226400,-27.886451,.226397
.267350,-27.879011,.226400,-27.885357,.226550
.267800,-27.877919,.226850,-27.884265,.226702
.268250,-27.876829,.226850,-27.883175,.226854
.268700,-27.875741,.226850,-27.882086,.227006
.269150,-27.874654,.227300,-27.881000,.227158
.269600,-27.873569,.227300,-27.879915,.227310
.270050,-27.872486,.227300,-27.878832,.227462
.270500,-27.871405,.227750,-27.877751,.227614
.270950,-27.870325,.227750,-27.876671,.227765
.271400,-27.869248,.227750,-27.875594,.227916
.271850,-27.868172,.228200,-27.874518,.228067
.272300,-27.867098,.228200,-27.873444,.228218
.272750,-27.866026,.228200,-27.872372,.228369
.273200,-27.864956,.228650,-27.871301,.228520
.273650,-27.863887,.228650,-27.870233,.228670
.274100,-27.862820,.228650,-27.869166,.228820
.274550,-27.861755,.229100,-27.868101,.228971
.275000,-27.860691,.229100,-27.867037,.229121
.275450,-27.859630,.229100,-27.865975,.229271
.275900,-27.858570,.229550,-27.864915,.229420
.276350,-27.857512,.229550,-27.863857,.229570
.276800,-27.856455,.229550,-27.862801,.229719
.277250,-27.855400,.230000,-27.861746,.229869
.277700,-27.854347,.230000,-27.860693,.230018
.278150,-27.853296,.230000,-27.859641,.230167
.278600,-27.852246,.230450,-27.858592,.230316
.279050,-27.851198,.230450,-27.857544,.230464
.279500,-27.850152,.230450,-27.856497,.230613
.279950,-27.849107,.230900,-27.855453,.230762
.280400,-27.848064,.230900,-27.854410,.230910
.280850,-27.847023,.230900,-27.853369,.231058
.281300,-27.845983,.231350,-27.852329,.231206
.281750,-27.844945,.231350,-27.851291,.231354
.282200,-27.843909,.231350,-27.850255,.231502
.282650,-27.842875,.231800,-27.849220,.231649
.283100,-27.841842,.231800,-27.848187,.231797
.283550,-27.840810,.231800,-27.847156,.231944
.284000,-27.839781,.232250,-27.846126,.232091
.284450,-27.838752,.232250,-27.845098,.232238
.284900,-27.837726,.232250,-27.844071,.232385
.285350,-27.836701,.232700,-27.843047,.232532
.285800,-27.835678,.232700,-27.842023,.232678
.286250,-27.834656,.232700,-27.841002,.232825
.286700,-27.833637,.233150,-27.839982,.232971
.287150,-27.832618,.233150,-27.838963,.233117
.287600,-27.831601,.233150,-27.837947,.233263
.288050,-27.830586,.233600,-27.836931,.233409
.288500,-27.829572,.233600,-27.835918,.233555
.288950,-27.828560,.233600,-27.834906,.233701
.289400,-27.827550,.234050,-27.833895,.233846
.289850,-27.826541,.234050,-27.832886,.233992
.290300,-27.825533,.234050,-27.831879,.234137
.290750,-27.824528,.234050,-27.830873,.234282
.291200,-27.823524,.234500,-27.829869,.234427
.291650,-27.822521,.234500,-27.828866,.234572
.292100,-27.821520,.234950,-27.827865,.234717
.292550,-27.820520,.234950,-27.826865,.234861
.293000,-27.819522,.234950,-27.825867,.235006
.293450,-27.818526,.234950,-27.824871,.235150
.293900,-27.817531,.235400,-27.823876,.235294
.294350,-27.816537,.235400,-27.822882,.235438
.294800,-27.815545,.235850,-27.821890,.235582
.295250,-27.814554,.235850,-27.820900,.235726
.295700,-27.813565,.235850,-27.819911,.235869
.296150,-27.812578,.235850,-27.818923,.236013
.296600,-27.811592,.236300,-27.817938,.236156
.297050,-27.810607,.236300,-27.816953,.236300
.297500,-27.809625,.236300,-27.815970,.236443
.297950,-27.808644,.236750,-27.814989,.236586
.298400,-27.807663,.236750,-27.814009,.236729
.298850,-27.806685,.236750,-27.813030,.236871
.299300,-27.805708,.237200,-27.812053,.237014
.299750,-27.804732,.237200,-27.811078,.237156
.300200,-27.803758,.237200,-27.810103,.237299
.300650,-27.802786,.237650,-27.809131,.237441
.301100,-27.801814,.237650,-27.808160,.237583
.301550,-27.800844,.237650,-27.807190,.237725
.302000,-27.799876,.237650,-27.806222,.237867
.302450,-27.798910,.238100,-27.805255,.238009
.302900,-27.797944,.238100,-27.804289,.238150
.303350,-27.796981,.238100,-27.803325,.238292
.303800,-27.796018,.238550,-27.802363,.238433
.304250,-27.795056,.238550,-27.801402,.238574
.304700,-27.794097,.238550,-27.800442,.238715
.305150,-27.793139,.239000,-27.799484,.238856
.305600,-27.792182,.239000,-27.798527,.238997
.306050,-27.791226,.239000,-27.797571,.239138
.306500,-27.790272,.239450,-27.796617,.239278
.306950,-27.789319,.239450,-27.795665,.239419
.307400,-27.788368,.239450,-27.794713,.239559
.307850,-27.787418,.239900,-27.793763,.239699
.308300,-27.786469,.239900,-27.792815,.239839
.308750,-27.785522,.239900,-27.791868,.239979
.309200,-27.784577,.239900,-27.790922,.240119
.309650,-27.783632,.240350,-27.789978,.240259
.310100,-27.782689,.240350,-27.789035,.240399
.310550,-27.781748,.240350,-27.788093,.240538
.311000,-27.780808,.240800,-27.787153,.240677
.311450,-27.779869,.240800,-27.786214,.240817
.311900,-27.778931,.240800,-27.785276,.240956
.312350,-27.777995,.241250,-27.784340,.241095
.312800,-27.777060,.241250,-27.783405,.241234
.313250,-27.776127,.241250,-27.782472,.241372
.313700,-27.775195,.241700,-27.781540,.241511
.314150,-27.774264,.241700,-27.780609,.241650
.314600,-27.773334,.241700,-27.779679,.241788
.315050,-27.772406,.242150,-27.778751,.241926
.315500,-27.771479,.242150,-27.777824,.242064
.315950,-27.770553,.242150,-27.776899,.242202
.316400,-27.769629,.242150,-27.775975,.242340
.316850,-27.768706,.242600,-27.775052,.242478
.317300,-27.767784,.242600,-27.774130,.242616
.317750,-27.766864,.242600,-27.773210,.242753
.318200,-27.765946,.243050,-27.772291,.242891
.318650,-27.765028,.243050,-27.771373,.243028
.319100,-27.764112,.243050,-27.770457,.243165
.319550,-27.763196,.243500,-27.769542,.243303
.320000,-27.762282,.243500,-27.768628,.243440
.320450,-27.761370,.243500,-27.767716,.243576
.320900,-27.760459,.243500,-27.766804,.243713
.321350,-27.759549,.243950,-27.765894,.243850
.321800,-27.758640,.243950,-27.764986,.243986
.322250,-27.757733,.243950,-27.764078,.244123
.322700,-27.756827,.244400,-27.763172,.244259
.323150,-27.755922,.244400,-27.762267,.244395
.323600,-27.755019,.244400,-27.761364,.244531
.324050,-27.754116,.244850,-27.760461,.244667
.324500,-27.753215,.244850,-27.759560,.244803
.324950,-27.752315,.244850,-27.758660,.244939
.325400,-27.751417,.244850,-27.757762,.245075
.325850,-27.750519,.245300,-27.756864,.245210
.326300,-27.749623,.245300,-27.755968,.245345
.326750,-27.748728,.245300,-27.755073,.245481
.327200,-27.747834,.245750,-27.754180,.245616
.327650,-27.746942,.245750,-27.753287,.245751
.328100,-27.746051,.245750,-27.752396,.245886
.328550,-27.745161,.246200,-27.751506,.246021
.329000,-27.744272,.246200,-27.750617,.246156
.329450,-27.743384,.246200,-27.749730,.246290
.329900,-27.742498,.246200,-27.748843,.246425
.330350,-27.741613,.246650,-27.747958,.246559
.330800,-27.740729,.246650,-27.747074,.246693
.331250,-27.739846,.246650,-27.746191,.246828
.331700,-27.738965,.247100,-27.745310,.246962
.332150,-27.738084,.247100,-27.744430,.247096
.332600,-27.737205,.247100,-27.743550,.247229
.333050,-27.736327,.247550,-27.742672,.247363
.333500,-27.735450,.247550,-27.741796,.247497
.333950,-27.734575,.247550,-27.740920,.247630
.334400,-27.733701,.247550,-27.740046,.247764
.334850,-27.732827,.248000,-27.739172,.247897
.335300,-27.731955,.248000,-27.738300,.248030
.335750,-27.731085,.248000,-27.737429,.248163
.336200,-27.730214,.248450,-27.736560,.248296
.336650,-27.729346,.248450,-27.735691,.248429
.337100,-27.728478,.248450,-27.734824,.248562
.337550,-27.727612,.248900,-27.733958,.248695
.338000,-27.726747,.248900,-27.733092,.248827
.338450,-27.725883,.248900,-27.732228,.248960
.338900,-27.725020,.248900,-27.731366,.249092
.339350,-27.724159,.249350,-27.730504,.249224
.339800,-27.723298,.249350,-27.729644,.249356
.340250,-27.722439,.249350,-27.728784,.249488
.340700,-27.721580,.249800,-27.727926,.249620
.341150,-27.720723,.249800,-27.727069,.249752
.341600,-27.719867,.249800,-27.726213,.249884
.342050,-27.719013,.249800,-27.725358,.250016
.342500,-27.718159,.250250,-27.724504,.250147
.342950,-27.717306,.250250,-27.723652,.250278
.343400,-27.716455,.250250,-27.722800,.250410
.343850,-27.715605,.250250,-27.721950,.250541
.344300,-27.714755,.250700,-27.721101,.250672
.344750,-27.713907,.250700,-27.720252,.250803
.345200,-27.713060,.251150,-27.719405,.250934
.345650,-27.712214,.251150,-27.718559,.251065
.346100,-27.711369,.251150,-27.717715,.251196
.346550,-27.710526,.251150,-27.716871,.251326
.347000,-27.709683,.251600,-27.716028,.251457
.347450,-27.708841,.251600,-27.715187,.251587
.347900,-27.708001,.251600,-27.714346,.251717
.348350,-27.707162,.252050,-27.713507,.251847
.348800,-27.706323,.252050,-27.712669,.251978
.349250,-27.705486,.252050,-27.711831,.252108
.349700,-27.704650,.252500,-27.710995,.252237
.350150,-27.703814,.252500,-27.710160,.252367
.350600,-27.702980,.252500,-27.709326,.252497
.351050,-27.702148,.252500,-27.708493,.252626
.351500,-27.701316,.252950,-27.707661,.252756
.351950,-27.700485,.252950,-27.706831,.252885
.352400,-27.699655,.252950,-27.706001,.253015
.352850,-27.698827,.252950,-27.705172,.253144
.353300,-27.697999,.253400,-27.704345,.253273
.353750,-27.697172,.253400,-27.703518,.253402
.354200,-27.696347,.253400,-27.702693,.253531
.354650,-27.695523,.253850,-27.701868,.253660
.355100,-27.694699,.253850,-27.701045,.253788
.355550,-27.693877,.253850,-27.700222,.253917
.356000,-27.693055,.253850,-27.699401,.254045
.356450,-27.692235,.254300,-27.698581,.254174
.356900,-27.691416,.254300,-27.697761,.254302
.357350,-27.690598,.254300,-27.696943,.254430
.357800,-27.689781,.254300,-27.696126,.254558
.358250,-27.688965,.254750,-27.695310,.254686
.358700,-27.688150,.254750,-27.694495,.254814
.359150,-27.687336,.254750,-27.693681,.254942
.359600,-27.686522,.255200,-27.692868,.255070
.360050,-27.685710,.255200,-27.692055,.255197
.360500,-27.684899,.255200,-27.691244,.255325
.360950,-27.684090,.255200,-27.690434,.255452
.361400,-27.683280,.255650,-27.689625,.255580
.361850,-27.682472,.255650,-27.688817,.255707
.362300,-27.681665,.256100,-27.688010,.255834
.362750,-27.680859,.256100,-27.687204,.255961
.363200,-27.680054,.256100,-27.686399,.256088
.363650,-27.679250,.256100,-27.685595,.256215
.364100,-27.678447,.256550,-27.684792,.256342
.364550,-27.677644,.256550,-27.683990,.256469
.365000,-27.676843,.256550,-27.683189,.256595
.365450,-27.676043,.256550,-27.682389,.256722
.365900,-27.675245,.257000,-27.681590,.256848
.366350,-27.674446,.257000,-27.680792,.256974
.366800,-27.673649,.257000,-27.679994,.257101
.367250,-27.672853,.257450,-27.679198,.257227
.367700,-27.672058,.257450,-27.678403,.257353
.368150,-27.671264,.257450,-27.677609,.257479
.368600,-27.670471,.257450,-27.676816,.257604
.369050,-27.669678,.257900,-27.676023,.257730
.369500,-27.668887,.257900,-27.675232,.257856
.369950,-27.668097,.257900,-27.674442,.257981
.370400,-27.667307,.257900,-27.673652,.258107
.370850,-27.666519,.258350,-27.672864,.258232
.371300,-27.665731,.258350,-27.672077,.258358
.371750,-27.664945,.258350,-27.671290,.258483
.372200,-27.664159,.258800,-27.670504,.258608
.372650,-27.663374,.258800,-27.669720,.258733
.373100,-27.662590,.258800,-27.668936,.258858
.373550,-27.661808,.258800,-27.668154,.258983
.374000,-27.661026,.259250,-27.667372,.259107
.374450,-27.660245,.259250,-27.666591,.259232
.374900,-27.659465,.259250,-27.665811,.259357
.375350,-27.658687,.259250,-27.665032,.259481
.375800,-27.657909,.259700,-27.664254,.259606
.376250,-27.657131,.259700,-27.663477,.259730
.376700,-27.656355,.259700,-27.662701,.259854
.377150,-27.655580,.260150,-27.661926,.259978
.377600,-27.654805,.260150,-27.661151,.260102
.378050,-27.654032,.260150,-27.660378,.260226
.378500,-27.653260,.260150,-27.659605,.260350
.378950,-27.652488,.260600,-27.658834,.260474
.379400,-27.651717,.260600,-27.658063,.260597
.379850,-27.650948,.260600,-27.657293,.260721
.380300,-27.650179,.260600,-27.656525,.260845
.380750,-27.649411,.261050,-27.655757,.260968
.381200,-27.648644,.261050,-27.654990,.261091
.381650,-27.647878,.261050,-27.654224,.261215
.382100,-27.647113,.261500,-27.653458,.261338
.382550,-27.646349,.261500,-27.652694,.261461
.383000,-27.645585,.261500,-27.651931,.261584
.383450,-27.644823,.261500,-27.651168,.261707
.383900,-27.644061,.261950,-27.650407,.261829
.384350,-27.643300,.261950,-27.649646,.261952
.384800,-27.642541,.261950,-27.648886,.262075
.385250,-27.641782,.262400,-27.648127,.262197
.385700,-27.641024,.262400,-27.647369,.262320
.386150,-27.640267,.262400,-27.646612,.262442
.386600,-27.639510,.262400,-27.645856,.262564
.387050,-27.638755,.262850,-27.645100,.262687
.387500,-27.638000,.262850,-27.644346,.262809
.387950,-27.637246,.262850,-27.643592,.262931
.388400,-27.636494,.262850,-27.642839,.263053
.388850,-27.635742,.263300,-27.642087,.263175
.389300,-27.634991,.263300,-27.641336,.263296
.389750,-27.634241,.263300,-27.640586,.263418
.390200,-27.633492,.263300,-27.639837,.263540
.390650,-27.632743,.263750,-27.639088,.263661
.391100,-27.631995,.263750,-27.638341,.263783
.391550,-27.631249,.263750,-27.637594,.263904
.392000,-27.630503,.264200,-27.636848,.264025
.392450,-27.629758,.264200,-27.636103,.264147
.392900,-27.629013,.264200,-27.635359,.264268
.393350,-27.628270,.264200,-27.634616,.264389
.393800,-27.627528,.264650,-27.633873,.264510
.394250,-27.626786,.264650,-27.633132,.264631
.394700,-27.626046,.264650,-27.632391,.264751
.395150,-27.625306,.264650,-27.631651,.264872
.395600,-27.624567,.265100,-27.630912,.264993
.396050,-27.623828,.265100,-27.630174,.265113
.396500,-27.623091,.265100,-27.629437,.265234
.396950,-27.622354,.265550,-27.628700,.265354
.397400,-27.621618,.265550,-27.627964,.265474
.397850,-27.620884,.265550,-27.627229,.265594
.398300,-27.620150,.265550,-27.626495,.265715
.398750,-27.619417,.266000,-27.625762,.265835
.399200,-27.618684,.266000,-27.625030,.265955
.399650,-27.617953,.266000,-27.624298,.266074
.400100,-27.617222,.266450,-27.623567,.266194
.400550,-27.616492,.266450,-27.622837,.266314
.401000,-27.615762,.266450,-27.622108,.266434
.401450,-27.615034,.266450,-27.621380,.266553
.401900,-27.614307,.266900,-27.620653,.266673
.402350,-27.613580,.266900,-27.619926,.266792
.402800,-27.612854,.266900,-27.619200,.266911
.403250,-27.612129,.266900,-27.618475,.267031
.403700,-27.611405,.266900,-27.617751,.267150
.404150,-27.610681,.267350,-27.617027,.267269
.404600,-27.609959,.267350,-27.616305,.267388
.405050,-27.609237,.267350,-27.615583,.267507
.405500,-27.608516,.267800,-27.614862,.267626
.405950,-27.607796,.267800,-27.614142,.267744
.406400,-27.607077,.267800,-27.613422,.267863
.406850,-27.606358,.267800,-27.612704,.267982
.407300,-27.605640,.268250,-27.611986,.268100
.407750,-27.604923,.268250,-27.611269,.268219
.408200,-27.604207,.268250,-27.610553,.268337
.408650,-27.603491,.268250,-27.609837,.268455
.409100,-27.602777,.268700,-27.609122,.268573
.409550,-27.602063,.268700,-27.608409,.268692
.410000,-27.601350,.268700,-27.607696,.268810
.410450,-27.600638,.269150,-27.606983,.268928
.410900,-27.599926,.269150,-27.606272,.269045
.411350,-27.599215,.269150,-27.605561,.269163
.411800,-27.598505,.269150,-27.604851,.269281
.412250,-27.597796,.269600,-27.604142,.269399
.412700,-27.597087,.269600,-27.603433,.269516
.413150,-27.596380,.269600,-27.602726,.269634
.413600,-27.595673,.269600,-27.602019,.269751
.414050,-27.594967,.270050,-27.601313,.269869
.414500,-27.594261,.270050,-27.600607,.269986
.414950,-27.593557,.270050,-27.599903,.270103
.415400,-27.592853,.270050,-27.599199,.270220
.415850,-27.592150,.270500,-27.598496,.270337
.416300,-27.591447,.270500,-27.597794,.270454
.416750,-27.590746,.270500,-27.597092,.270571
.417200,-27.590045,.270500,-27.596391,.270688
.417650,-27.589345,.270950,-27.595691,.270805
.418100,-27.588646,.270950,-27.594992,.270921
.418550,-27.587947,.270950,-27.594293,.271038
.419000,-27.587250,.270950,-27.593596,.271155
.419450,-27.586553,.271400,-27.592899,.271271
.419900,-27.585856,.271400,-27.592202,.271387
.420350,-27.585161,.271400,-27.591507,.271504
.420800,-27.584466,.271400,-27.590812,.271620
.421250,-27.583772,.271850,-27.590118,.271736
.421700,-27.583079,.271850,-27.589425,.271852
.422150,-27.582387,.271850,-27.588732,.271968
.422600,-27.581695,.272300,-27.588040,.272084
.423050,-27.581003,.272300,-27.587349,.272200
.423500,-27.580313,.272300,-27.586659,.272316
.423950,-27.579624,.272300,-27.585969,.272431
.424400,-27.578935,.272300,-27.585280,.272547
.424850,-27.578247,.272750,-27.584592,.272663
.425300,-27.577559,.272750,-27.583905,.272778
.425750,-27.576873,.272750,-27.583218,.272893
.426200,-27.576187,.273200,-27.582532,.273009
.426650,-27.575501,.273200,-27.581847,.273124
.427100,-27.574817,.273200,-27.581162,.273239
.427550,-27.574133,.273200,-27.580479,.273354
.428000,-27.573450,.273650,-27.579795,.273469
.428450,-27.572767,.273650,-27.579113,.273584
.428900,-27.572086,.273650,-27.578431,.273699
.429350,-27.571405,.273650,-27.577751,.273814
.429800,-27.570725,.274100,-27.577070,.273929
.430250,-27.570045,.274100,-27.576391,.274044
.430700,-27.569367,.274100,-27.575712,.274158
.431150,-27.568689,.274100,-27.575034,.274273
.431600,-27.568011,.274550,-27.574357,.274387
.432050,-27.567334,.274550,-27.573680,.274502
.432500,-27.566658,.274550,-27.573004,.274616
.432950,-27.565983,.274550,-27.572329,.274730
.433400,-27.565308,.275000,-27.571654,.274844
.433850,-27.564634,.275000,-27.570980,.274958
.434300,-27.563961,.275000,-27.570307,.275072
.434750,-27.563289,.275000,-27.569634,.275186
.435200,-27.562617,.275450,-27.568963,.275300
.435650,-27.561946,.275450,-27.568292,.275414
.436100,-27.561276,.275450,-27.567621,.275528
.436550,-27.560606,.275450,-27.566952,.275642
.437000,-27.559937,.275900,-27.566283,.275755
.437450,-27.559269,.275900,-27.565614,.275869
.437900,-27.558601,.275900,-27.564947,.275982
.438350,-27.557934,.275900,-27.564280,.276096
.438800,-27.557268,.276350,-27.563613,.276209
.439250,-27.556602,.276350,-27.562948,.276322
.439700,-27.555937,.276350,-27.562283,.276435
.440150,-27.555273,.276350,-27.561619,.276549
.440600,-27.554610,.276800,-27.560955,.276662
.441050,-27.553947,.276800,-27.560292,.276775
.441500,-27.553285,.276800,-27.559630,.276888
.441950,-27.552623,.277250,-27.558969,.277000
.442400,-27.551962,.277250,-27.558308,.277113
.442850,-27.551302,.277250,-27.557647,.277226
.443300,-27.550642,.277250,-27.556988,.277339
.443750,-27.549984,.277700,-27.556329,.277451
.444200,-27.549325,.277700,-27.555671,.277564
.444650,-27.548668,.277700,-27.555014,.277676
.445100,-27.548011,.277700,-27.554357,.277788
.445550,-27.547355,.277700,-27.553701,.277901
.446000,-27.546699,.278150,-27.553045,.278013
.446450,-27.546044,.278150,-27.552390,.278125
.446900,-27.545390,.278150,-27.551736,.278237
.447350,-27.544737,.278150,-27.551082,.278349
.447800,-27.544084,.278600,-27.550430,.278461
.448250,-27.543432,.278600,-27.549777,.278573
.448700,-27.542780,.278600,-27.549126,.278685
.449150,-27.542130,.278600,-27.548475,.278797
.449600,-27.541479,.279050,-27.547825,.278908
.450050,-27.540829,.279050,-27.547175,.279020
.450500,-27.540180,.279050,-27.546526,.279132
.450950,-27.539532,.279050,-27.545878,.279243
.451400,-27.538885,.279500,-27.545230,.279355
.451850,-27.538238,.279500,-27.544583,.279466
.452300,-27.537591,.279500,-27.543937,.279577
.452750,-27.536946,.279500,-27.543291,.279688
.453200,-27.536301,.279950,-27.542646,.279800
.453650,-27.535656,.279950,-27.542001,.279911
.454100,-27.535012,.279950,-27.541358,.280022
.454550,-27.534369,.279950,-27.540715,.280133
.455000,-27.533727,.280400,-27.540072,.280244
.455450,-27.533084,.280400,-27.539430,.280354
.455900,-27.532443,.280400,-27.538789,.280465
.456350,-27.531803,.280400,-27.538148,.280576
.456800,-27.531163,.280850,-27.537508,.280687
.457250,-27.530523,.280850,-27.536869,.280797
.457700,-27.529885,.280850,-27.536230,.280908
.458150,-27.529247,.280850,-27.535592,.281018
.458600,-27.528609,.281300,-27.534954,.281128
.459050,-27.527972,.281300,-27.534318,.281239
.459500,-27.527336,.281300,-27.533681,.281349
.459950,-27.526700,.281300,-27.533046,.281459
.460400,-27.526065,.281750,-27.532411,.281569
.460850,-27.525431,.281750,-27.531776,.281679
.461300,-27.524797,.281750,-27.531143,.281789
.461750,-27.524164,.281750,-27.530510,.281899
.462200,-27.523532,.281750,-27.529877,.282009
.462650,-27.522899,.282200,-27.529245,.282119
.463100,-27.522268,.282200,-27.528614,.282229
.463550,-27.521638,.282200,-27.527983,.282338
.464000,-27.521008,.282200,-27.527353,.282448
.464450,-27.520378,.282650,-27.526724,.282557
.464900,-27.519749,.282650,-27.526095,.282667
.465350,-27.519121,.282650,-27.525467,.282776
.465800,-27.518494,.283100,-27.524839,.282886
.466250,-27.517866,.283100,-27.524212,.282995
.466700,-27.517240,.283100,-27.523585,.283104
.467150,-27.516614,.283100,-27.522960,.283213
.467600,-27.515989,.283100,-27.522334,.283322
.468050,-27.515365,.283550,-27.521710,.283432
.468500,-27.514740,.283550,-27.521086,.283540
.468950,-27.514117,.283550,-27.520462,.283649
.469400,-27.513495,.283550,-27.519840,.283758
.469850,-27.512872,.284000,-27.519217,.283867
.470300,-27.512250,.284000,-27.518596,.283976
.470750,-27.511629,.284000,-27.517975,.284084
.471200,-27.511009,.284450,-27.517354,.284193
.471650,-27.510389,.284450,-27.516734,.284302
.472100,-27.509770,.284450,-27.516115,.284410
.472550,-27.509151,.284450,-27.515497,.284518
.473000,-27.508533,.284450,-27.514878,.284627
.473450,-27.507916,.284900,-27.514261,.284735
.473900,-27.507299,.284900,-27.513644,.284843
.474350,-27.506682,.284900,-27.513028,.284951
.474800,-27.506067,.284900,-27.512412,.285059
.475250,-27.505452,.285350,-27.511797,.285168
.475700,-27.504837,.285350,-27.511182,.285276
.476150,-27.504223,.285350,-27.510568,.285383
.476600,-27.503610,.285350,-27.509955,.285491
.477050,-27.502997,.285800,-27.509342,.285599
.477500,-27.502384,.285800,-27.508730,.285707
.477950,-27.501773,.285800,-27.508118,.285814
.478400,-27.501162,.285800,-27.507507,.285922
.478850,-27.500551,.285800,-27.506897,.286030
.479300,-27.499941,.286250,-27.506287,.286137
.479750,-27.499332,.286250,-27.505677,.286245
.480200,-27.498723,.286250,-27.505069,.286352
.480650,-27.498115,.286250,-27.504460,.286459
.481100,-27.497508,.286700,-27.503853,.286566
.481550,-27.496900,.286700,-27.503246,.286674
.482000,-27.496294,.286700,-27.502639,.286781
.482450,-27.495688,.287150,-27.502033,.286888
.482900,-27.495082,.287150,-27.501428,.286995
.483350,-27.494477,.287150,-27.500823,.287102
.483800,-27.493873,.287150,-27.500219,.287209
.484250,-27.493270,.287150,-27.499615,.287316
.484700,-27.492667,.287600,-27.499012,.287422
.485150,-27.492064,.287600,-27.498409,.287529
.485600,-27.491462,.287600,-27.497807,.287636
.486050,-27.490861,.287600,-27.497206,.287742
.486500,-27.490259,.288050,-27.496605,.287849
.486950,-27.489659,.288050,-27.496004,.287955
.487400,-27.489059,.288050,-27.495405,.288062
.487850,-27.488460,.288050,-27.494805,.288168
.488300,-27.487861,.288500,-27.494207,.288274
.488750,-27.487263,.288500,-27.493609,.288381
.489200,-27.486665,.288500,-27.493011,.288487
.489650,-27.486068,.288500,-27.492414,.288593
.490100,-27.485472,.288500,-27.491817,.288699
.490550,-27.484876,.288950,-27.491221,.288805
.491000,-27.484280,.288950,-27.490626,.288911
.491450,-27.483685,.288950,-27.490031,.289017
.491900,-27.483091,.288950,-27.489437,.289123
.492350,-27.482498,.288950,-27.488843,.289228
.492800,-27.481905,.289400,-27.488250,.289334
.493250,-27.481312,.289400,-27.487657,.289440
.493700,-27.480720,.289400,-27.487065,.289545
.494150,-27.480128,.289850,-27.486473,.289651
.494600,-27.479537,.289850,-27.485882,.289756
.495050,-27.478946,.289850,-27.485292,.289862
.495500,-27.478356,.289850,-27.484702,.289967
.495950,-27.477767,.289850,-27.484112,.290072
.496400,-27.477178,.290300,-27.483524,.290178
.496850,-27.476589,.290300,-27.482935,.290283
.497300,-27.476002,.290300,-27.482347,.290388
.497750,-27.475414,.290300,-27.481760,.290493
.498200,-27.474828,.290300,-27.481173,.290598
.498650,-27.474242,.290750,-27.480587,.290703
.499100,-27.473656,.290750,-27.480001,.290808
.499550,-27.473071,.290750,-27.479416,.290913
.500000,-27.472486,.291200,-27.478831,.291018
